user_id,persona,subscription_type,subscription_status,completion_rate,workouts_per_week_min,workouts_per_week_max,duration_min,duration_max,heart_rate_min,heart_rate_max,current_streak_min,current_streak_max,longest_streak_min,longest_streak_max
100001,Occasional User,Free,Active,0.82,1,3,20,45,110,150,1,8,5,30
100002,Power Athlete,Premium,Active,0.98,5,7,45,90,135,175,20,80,40,180
100003,Consistent Mover,Basic,Active,0.92,3,5,35,60,125,165,8,25,20,90
100004,Consistent Mover,Basic,Active,0.92,3,5,35,60,125,165,8,25,20,90
100005,Occasional User,Free,Active,0.82,1,3,20,45,110,150,1,8,5,30
100006,Occasional User,Free,Active,0.82,1,3,20,45,110,150,1,8,5,30
100007,At Risk,Free,Cancelled,0.6,0,1,10,30,95,135,0,2,2,10
100008,Power Athlete,Premium,Active,0.98,5,7,45,90,135,175,20,80,40,180
100009,Consistent Mover,Basic,Active,0.92,3,5,35,60,125,165,8,25,20,90
100010,Power Athlete,Premium,Active,0.98,5,7,45,90,135,175,20,80,40,180
100011,Consistent Mover,Basic,Active,0.92,3,5,35,60,125,165,8,25,20,90
100012,Consistent Mover,Basic,Active,0.92,3,5,35,60,125,165,8,25,20,90
100013,Power Athlete,Premium,Active,0.98,5,7,45,90,135,175,20,80,40,180
100014,Power Athlete,Premium,Active,0.98,5,7,45,90,135,175,20,80,40,180
100015,Occasional User,Free,Active,0.82,1,3,20,45,110,150,1,8,5,30
100016,Consistent Mover,Basic,Active,0.92,3,5,35,60,125,165,8,25,20,90
100017,Consistent Mover,Basic,Active,0.92,3,5,35,60,125,165,8,25,20,90
100018,Occasional User,Free,Active,0.82,1,3,20,45,110,150,1,8,5,30
100019,Occasional User,Free,Active,0.82,1,3,20,45,110,150,1,8,5,30
100020,Power Athlete,Premium,Active,0.98,5,7,45,90,135,175,20,80,40,180
100021,Occasional User,Free,Active,0.82,1,3,20,45,110,150,1,8,5,30
100022,Occasional User,Free,Active,0.82,1,3,20,45,110,150,1,8,5,30
100023,Consistent Mover,Basic,Active,0.92,3,5,35,60,125,165,8,25,20,90
100024,Power Athlete,Premium,Active,0.98,5,7,45,90,135,175,20,80,40,180
100025,At Risk,Free,Cancelled,0.6,0,1,10,30,95,135,0,2,2,10
100026,Consistent Mover,Basic,Active,0.92,3,5,35,60,125,165,8,25,20,90
100027,Power Athlete,Premium,Active,0.98,5,7,45,90,135,175,20,80,40,180
100028,Power Athlete,Premium,Active,0.98,5,7,45,90,135,175,20,80,40,180
100029,Occasional User,Free,Active,0.82,1,3,20,45,110,150,1,8,5,30
100030,Occasional User,Free,Active,0.82,1,3,20,45,110,150,1,8,5,30
100031,Occasional User,Free,Active,0.82,1,3,20,45,110,150,1,8,5,30
100032,Occasional User,Free,Active,0.82,1,3,20,45,110,150,1,8,5,30
100033,Consistent Mover,Basic,Active,0.92,3,5,35,60,125,165,8,25,20,90
100034,At Risk,Free,Cancelled,0.6,0,1,10,30,95,135,0,2,2,10
100035,Consistent Mover,Basic,Active,0.92,3,5,35,60,125,165,8,25,20,90
100036,Occasional User,Free,Active,0.82,1,3,20,45,110,150,1,8,5,30
100037,Occasional User,Free,Active,0.82,1,3,20,45,110,150,1,8,5,30
100038,Occasional User,Free,Active,0.82,1,3,20,45,110,150,1,8,5,30
100039,At Risk,Free,Cancelled,0.6,0,1,10,30,95,135,0,2,2,10
100040,Occasional User,Free,Active,0.82,1,3,20,45,110,150,1,8,5,30
100041,Occasional User,Free,Active,0.82,1,3,20,45,110,150,1,8,5,30
100042,Power Athlete,Premium,Active,0.98,5,7,45,90,135,175,20,80,40,180
100043,Consistent Mover,Basic,Active,0.92,3,5,35,60,125,165,8,25,20,90
100044,Consistent Mover,Basic,Active,0.92,3,5,35,60,125,165,8,25,20,90
100045,Power Athlete,Premium,Active,0.98,5,7,45,90,135,175,20,80,40,180
100046,Consistent Mover,Basic,Active,0.92,3,5,35,60,125,165,8,25,20,90
100047,Power Athlete,Premium,Active,0.98,5,7,45,90,135,175,20,80,40,180
100048,Consistent Mover,Basic,Active,0.92,3,5,35,60,125,165,8,25,20,90
100049,Occasional User,Free,Active,0.82,1,3,20,45,110,150,1,8,5,30
100050,Consistent Mover,Basic,Active,0.92,3,5,35,60,125,165,8,25,20,90
100051,Consistent Mover,Basic,Active,0.92,3,5,35,60,125,165,8,25,20,90
100052,Consistent Mover,Basic,Active,0.92,3,5,35,60,125,165,8,25,20,90
100053,Consistent Mover,Basic,Active,0.92,3,5,35,60,125,165,8,25,20,90
100054,At Risk,Free,Cancelled,0.6,0,1,10,30,95,135,0,2,2,10
100055,Occasional User,Free,Active,0.82,1,3,20,45,110,150,1,8,5,30
100056,Occasional User,Free,Active,0.82,1,3,20,45,110,150,1,8,5,30
100057,Power Athlete,Premium,Active,0.98,5,7,45,90,135,175,20,80,40,180
100058,Occasional User,Free,Active,0.82,1,3,20,45,110,150,1,8,5,30
100059,Power Athlete,Premium,Active,0.98,5,7,45,90,135,175,20,80,40,180
100060,Consistent Mover,Basic,Active,0.92,3,5,35,60,125,165,8,25,20,90
100061,At Risk,Free,Cancelled,0.6,0,1,10,30,95,135,0,2,2,10
100062,Occasional User,Free,Active,0.82,1,3,20,45,110,150,1,8,5,30
100063,Occasional User,Free,Active,0.82,1,3,20,45,110,150,1,8,5,30
100064,Occasional User,Free,Active,0.82,1,3,20,45,110,150,1,8,5,30
100065,Occasional User,Free,Active,0.82,1,3,20,45,110,150,1,8,5,30
100066,Occasional User,Free,Active,0.82,1,3,20,45,110,150,1,8,5,30
100067,Consistent Mover,Basic,Active,0.92,3,5,35,60,125,165,8,25,20,90
100068,Power Athlete,Premium,Active,0.98,5,7,45,90,135,175,20,80,40,180
100069,Consistent Mover,Basic,Active,0.92,3,5,35,60,125,165,8,25,20,90
100070,Consistent Mover,Basic,Active,0.92,3,5,35,60,125,165,8,25,20,90
100071,Consistent Mover,Basic,Active,0.92,3,5,35,60,125,165,8,25,20,90
100072,At Risk,Free,Cancelled,0.6,0,1,10,30,95,135,0,2,2,10
100073,At Risk,Free,Cancelled,0.6,0,1,10,30,95,135,0,2,2,10
100074,Consistent Mover,Basic,Active,0.92,3,5,35,60,125,165,8,25,20,90
100075,Occasional User,Free,Active,0.82,1,3,20,45,110,150,1,8,5,30
100076,Consistent Mover,Basic,Active,0.92,3,5,35,60,125,165,8,25,20,90
100077,At Risk,Free,Cancelled,0.6,0,1,10,30,95,135,0,2,2,10
100078,Consistent Mover,Basic,Active,0.92,3,5,35,60,125,165,8,25,20,90
100079,Consistent Mover,Basic,Active,0.92,3,5,35,60,125,165,8,25,20,90
100080,Consistent Mover,Basic,Active,0.92,3,5,35,60,125,165,8,25,20,90
100081,Occasional User,Free,Active,0.82,1,3,20,45,110,150,1,8,5,30
100082,Consistent Mover,Basic,Active,0.92,3,5,35,60,125,165,8,25,20,90
100083,Occasional User,Free,Active,0.82,1,3,20,45,110,150,1,8,5,30
100084,At Risk,Free,Cancelled,0.6,0,1,10,30,95,135,0,2,2,10
100085,Consistent Mover,Basic,Active,0.92,3,5,35,60,125,165,8,25,20,90
100086,Consistent Mover,Basic,Active,0.92,3,5,35,60,125,165,8,25,20,90
100087,At Risk,Free,Cancelled,0.6,0,1,10,30,95,135,0,2,2,10
100088,Consistent Mover,Basic,Active,0.92,3,5,35,60,125,165,8,25,20,90
100089,Power Athlete,Premium,Active,0.98,5,7,45,90,135,175,20,80,40,180
100090,Power Athlete,Premium,Active,0.98,5,7,45,90,135,175,20,80,40,180
100091,Power Athlete,Premium,Active,0.98,5,7,45,90,135,175,20,80,40,180
100092,Occasional User,Free,Active,0.82,1,3,20,45,110,150,1,8,5,30
100093,Occasional User,Free,Active,0.82,1,3,20,45,110,150,1,8,5,30
100094,Consistent Mover,Basic,Active,0.92,3,5,35,60,125,165,8,25,20,90
100095,Power Athlete,Premium,Active,0.98,5,7,45,90,135,175,20,80,40,180
100096,Consistent Mover,Basic,Active,0.92,3,5,35,60,125,165,8,25,20,90
100097,At Risk,Free,Cancelled,0.6,0,1,10,30,95,135,0,2,2,10
100098,Consistent Mover,Basic,Active,0.92,3,5,35,60,125,165,8,25,20,90
100099,At Risk,Free,Cancelled,0.6,0,1,10,30,95,135,0,2,2,10
100100,At Risk,Free,Cancelled,0.6,0,1,10,30,95,135,0,2,2,10
100101,Power Athlete,Premium,Active,0.98,5,7,45,90,135,175,20,80,40,180
100102,Occasional User,Free,Active,0.82,1,3,20,45,110,150,1,8,5,30
100103,Occasional User,Free,Active,0.82,1,3,20,45,110,150,1,8,5,30
100104,Consistent Mover,Basic,Active,0.92,3,5,35,60,125,165,8,25,20,90
100105,Consistent Mover,Basic,Active,0.92,3,5,35,60,125,165,8,25,20,90
100106,Occasional User,Free,Active,0.82,1,3,20,45,110,150,1,8,5,30
100107,Power Athlete,Premium,Active,0.98,5,7,45,90,135,175,20,80,40,180
100108,Consistent Mover,Basic,Active,0.92,3,5,35,60,125,165,8,25,20,90
100109,Consistent Mover,Basic,Active,0.92,3,5,35,60,125,165,8,25,20,90
100110,At Risk,Free,Cancelled,0.6,0,1,10,30,95,135,0,2,2,10
100111,At Risk,Free,Cancelled,0.6,0,1,10,30,95,135,0,2,2,10
100112,Consistent Mover,Basic,Active,0.92,3,5,35,60,125,165,8,25,20,90
100113,Consistent Mover,Basic,Active,0.92,3,5,35,60,125,165,8,25,20,90
100114,Power Athlete,Premium,Active,0.98,5,7,45,90,135,175,20,80,40,180
100115,At Risk,Free,Cancelled,0.6,0,1,10,30,95,135,0,2,2,10
100116,At Risk,Free,Cancelled,0.6,0,1,10,30,95,135,0,2,2,10
100117,Consistent Mover,Basic,Active,0.92,3,5,35,60,125,165,8,25,20,90
100118,Occasional User,Free,Active,0.82,1,3,20,45,110,150,1,8,5,30
100119,Occasional User,Free,Active,0.82,1,3,20,45,110,150,1,8,5,30
100120,Power Athlete,Premium,Active,0.98,5,7,45,90,135,175,20,80,40,180
100121,Occasional User,Free,Active,0.82,1,3,20,45,110,150,1,8,5,30
100122,Consistent Mover,Basic,Active,0.92,3,5,35,60,125,165,8,25,20,90
100123,Occasional User,Free,Active,0.82,1,3,20,45,110,150,1,8,5,30
100124,Consistent Mover,Basic,Active,0.92,3,5,35,60,125,165,8,25,20,90
100125,Power Athlete,Premium,Active,0.98,5,7,45,90,135,175,20,80,40,180
100126,Consistent Mover,Basic,Active,0.92,3,5,35,60,125,165,8,25,20,90
100127,Power Athlete,Premium,Active,0.98,5,7,45,90,135,175,20,80,40,180
100128,At Risk,Free,Cancelled,0.6,0,1,10,30,95,135,0,2,2,10
100129,At Risk,Free,Cancelled,0.6,0,1,10,30,95,135,0,2,2,10
100130,Occasional User,Free,Active,0.82,1,3,20,45,110,150,1,8,5,30
100131,Consistent Mover,Basic,Active,0.92,3,5,35,60,125,165,8,25,20,90
100132,Power Athlete,Premium,Active,0.98,5,7,45,90,135,175,20,80,40,180
100133,At Risk,Free,Cancelled,0.6,0,1,10,30,95,135,0,2,2,10
100134,At Risk,Free,Cancelled,0.6,0,1,10,30,95,135,0,2,2,10
100135,Power Athlete,Premium,Active,0.98,5,7,45,90,135,175,20,80,40,180
100136,Consistent Mover,Basic,Active,0.92,3,5,35,60,125,165,8,25,20,90
100137,Power Athlete,Premium,Active,0.98,5,7,45,90,135,175,20,80,40,180
100138,Occasional User,Free,Active,0.82,1,3,20,45,110,150,1,8,5,30
100139,Occasional User,Free,Active,0.82,1,3,20,45,110,150,1,8,5,30
100140,Power Athlete,Premium,Active,0.98,5,7,45,90,135,175,20,80,40,180
100141,Consistent Mover,Basic,Active,0.92,3,5,35,60,125,165,8,25,20,90
100142,Consistent Mover,Basic,Active,0.92,3,5,35,60,125,165,8,25,20,90
100143,Consistent Mover,Basic,Active,0.92,3,5,35,60,125,165,8,25,20,90
100144,At Risk,Free,Cancelled,0.6,0,1,10,30,95,135,0,2,2,10
100145,Consistent Mover,Basic,Active,0.92,3,5,35,60,125,165,8,25,20,90
100146,Consistent Mover,Basic,Active,0.92,3,5,35,60,125,165,8,25,20,90
100147,Consistent Mover,Basic,Active,0.92,3,5,35,60,125,165,8,25,20,90
100148,Occasional User,Free,Active,0.82,1,3,20,45,110,150,1,8,5,30
100149,Consistent Mover,Basic,Active,0.92,3,5,35,60,125,165,8,25,20,90
100150,Consistent Mover,Basic,Active,0.92,3,5,35,60,125,165,8,25,20,90
100151,At Risk,Free,Cancelled,0.6,0,1,10,30,95,135,0,2,2,10
100152,Occasional User,Free,Active,0.82,1,3,20,45,110,150,1,8,5,30
100153,Consistent Mover,Basic,Active,0.92,3,5,35,60,125,165,8,25,20,90
100154,Consistent Mover,Basic,Active,0.92,3,5,35,60,125,165,8,25,20,90
100155,Power Athlete,Premium,Active,0.98,5,7,45,90,135,175,20,80,40,180
100156,Consistent Mover,Basic,Active,0.92,3,5,35,60,125,165,8,25,20,90
100157,Consistent Mover,Basic,Active,0.92,3,5,35,60,125,165,8,25,20,90
100158,Occasional User,Free,Active,0.82,1,3,20,45,110,150,1,8,5,30
100159,Consistent Mover,Basic,Active,0.92,3,5,35,60,125,165,8,25,20,90
100160,Consistent Mover,Basic,Active,0.92,3,5,35,60,125,165,8,25,20,90
100161,Power Athlete,Premium,Active,0.98,5,7,45,90,135,175,20,80,40,180
100162,Occasional User,Free,Active,0.82,1,3,20,45,110,150,1,8,5,30
100163,Consistent Mover,Basic,Active,0.92,3,5,35,60,125,165,8,25,20,90
100164,At Risk,Free,Cancelled,0.6,0,1,10,30,95,135,0,2,2,10
100165,At Risk,Free,Cancelled,0.6,0,1,10,30,95,135,0,2,2,10
100166,Power Athlete,Premium,Active,0.98,5,7,45,90,135,175,20,80,40,180
100167,Consistent Mover,Basic,Active,0.92,3,5,35,60,125,165,8,25,20,90
100168,Occasional User,Free,Active,0.82,1,3,20,45,110,150,1,8,5,30
100169,Consistent Mover,Basic,Active,0.92,3,5,35,60,125,165,8,25,20,90
100170,Power Athlete,Premium,Active,0.98,5,7,45,90,135,175,20,80,40,180
100171,At Risk,Free,Cancelled,0.6,0,1,10,30,95,135,0,2,2,10
100172,Occasional User,Free,Active,0.82,1,3,20,45,110,150,1,8,5,30
100173,Consistent Mover,Basic,Active,0.92,3,5,35,60,125,165,8,25,20,90
100174,Occasional User,Free,Active,0.82,1,3,20,45,110,150,1,8,5,30
100175,Occasional User,Free,Active,0.82,1,3,20,45,110,150,1,8,5,30
100176,Power Athlete,Premium,Active,0.98,5,7,45,90,135,175,20,80,40,180
100177,Power Athlete,Premium,Active,0.98,5,7,45,90,135,175,20,80,40,180
100178,Consistent Mover,Basic,Active,0.92,3,5,35,60,125,165,8,25,20,90
100179,Consistent Mover,Basic,Active,0.92,3,5,35,60,125,165,8,25,20,90
100180,Consistent Mover,Basic,Active,0.92,3,5,35,60,125,165,8,25,20,90
100181,Occasional User,Free,Active,0.82,1,3,20,45,110,150,1,8,5,30
100182,Occasional User,Free,Active,0.82,1,3,20,45,110,150,1,8,5,30
100183,At Risk,Free,Cancelled,0.6,0,1,10,30,95,135,0,2,2,10
100184,Power Athlete,Premium,Active,0.98,5,7,45,90,135,175,20,80,40,180
100185,Consistent Mover,Basic,Active,0.92,3,5,35,60,125,165,8,25,20,90
100186,Consistent Mover,Basic,Active,0.92,3,5,35,60,125,165,8,25,20,90
100187,At Risk,Free,Cancelled,0.6,0,1,10,30,95,135,0,2,2,10
100188,Consistent Mover,Basic,Active,0.92,3,5,35,60,125,165,8,25,20,90
100189,Power Athlete,Premium,Active,0.98,5,7,45,90,135,175,20,80,40,180
100190,Consistent Mover,Basic,Active,0.92,3,5,35,60,125,165,8,25,20,90
100191,Consistent Mover,Basic,Active,0.92,3,5,35,60,125,165,8,25,20,90
100192,Consistent Mover,Basic,Active,0.92,3,5,35,60,125,165,8,25,20,90
100193,Consistent Mover,Basic,Active,0.92,3,5,35,60,125,165,8,25,20,90
100194,At Risk,Free,Cancelled,0.6,0,1,10,30,95,135,0,2,2,10
100195,Consistent Mover,Basic,Active,0.92,3,5,35,60,125,165,8,25,20,90
100196,At Risk,Free,Cancelled,0.6,0,1,10,30,95,135,0,2,2,10
100197,Occasional User,Free,Active,0.82,1,3,20,45,110,150,1,8,5,30
100198,Power Athlete,Premium,Active,0.98,5,7,45,90,135,175,20,80,40,180
100199,At Risk,Free,Cancelled,0.6,0,1,10,30,95,135,0,2,2,10
100200,Occasional User,Free,Active,0.82,1,3,20,45,110,150,1,8,5,30
100201,At Risk,Free,Cancelled,0.6,0,1,10,30,95,135,0,2,2,10
100202,At Risk,Free,Cancelled,0.6,0,1,10,30,95,135,0,2,2,10
100203,Occasional User,Free,Active,0.82,1,3,20,45,110,150,1,8,5,30
100204,Power Athlete,Premium,Active,0.98,5,7,45,90,135,175,20,80,40,180
100205,Consistent Mover,Basic,Active,0.92,3,5,35,60,125,165,8,25,20,90
100206,Consistent Mover,Basic,Active,0.92,3,5,35,60,125,165,8,25,20,90
100207,Consistent Mover,Basic,Active,0.92,3,5,35,60,125,165,8,25,20,90
100208,Power Athlete,Premium,Active,0.98,5,7,45,90,135,175,20,80,40,180
100209,Consistent Mover,Basic,Active,0.92,3,5,35,60,125,165,8,25,20,90
100210,At Risk,Free,Cancelled,0.6,0,1,10,30,95,135,0,2,2,10
100211,Consistent Mover,Basic,Active,0.92,3,5,35,60,125,165,8,25,20,90
100212,Occasional User,Free,Active,0.82,1,3,20,45,110,150,1,8,5,30
100213,Consistent Mover,Basic,Active,0.92,3,5,35,60,125,165,8,25,20,90
100214,Consistent Mover,Basic,Active,0.92,3,5,35,60,125,165,8,25,20,90
100215,At Risk,Free,Cancelled,0.6,0,1,10,30,95,135,0,2,2,10
100216,At Risk,Free,Cancelled,0.6,0,1,10,30,95,135,0,2,2,10
100217,Occasional User,Free,Active,0.82,1,3,20,45,110,150,1,8,5,30
100218,Occasional User,Free,Active,0.82,1,3,20,45,110,150,1,8,5,30
100219,Power Athlete,Premium,Active,0.98,5,7,45,90,135,175,20,80,40,180
100220,Consistent Mover,Basic,Active,0.92,3,5,35,60,125,165,8,25,20,90
100221,At Risk,Free,Cancelled,0.6,0,1,10,30,95,135,0,2,2,10
100222,Occasional User,Free,Active,0.82,1,3,20,45,110,150,1,8,5,30
100223,Consistent Mover,Basic,Active,0.92,3,5,35,60,125,165,8,25,20,90
100224,Occasional User,Free,Active,0.82,1,3,20,45,110,150,1,8,5,30
100225,Power Athlete,Premium,Active,0.98,5,7,45,90,135,175,20,80,40,180
100226,Occasional User,Free,Active,0.82,1,3,20,45,110,150,1,8,5,30
100227,Consistent Mover,Basic,Active,0.92,3,5,35,60,125,165,8,25,20,90
100228,At Risk,Free,Cancelled,0.6,0,1,10,30,95,135,0,2,2,10
100229,Power Athlete,Premium,Active,0.98,5,7,45,90,135,175,20,80,40,180
100230,At Risk,Free,Cancelled,0.6,0,1,10,30,95,135,0,2,2,10
100231,Power Athlete,Premium,Active,0.98,5,7,45,90,135,175,20,80,40,180
100232,Power Athlete,Premium,Active,0.98,5,7,45,90,135,175,20,80,40,180
100233,Occasional User,Free,Active,0.82,1,3,20,45,110,150,1,8,5,30
100234,Occasional User,Free,Active,0.82,1,3,20,45,110,150,1,8,5,30
100235,Consistent Mover,Basic,Active,0.92,3,5,35,60,125,165,8,25,20,90
100236,Power Athlete,Premium,Active,0.98,5,7,45,90,135,175,20,80,40,180
100237,At Risk,Free,Cancelled,0.6,0,1,10,30,95,135,0,2,2,10
100238,Consistent Mover,Basic,Active,0.92,3,5,35,60,125,165,8,25,20,90
100239,Occasional User,Free,Active,0.82,1,3,20,45,110,150,1,8,5,30
100240,Occasional User,Free,Active,0.82,1,3,20,45,110,150,1,8,5,30
100241,Consistent Mover,Basic,Active,0.92,3,5,35,60,125,165,8,25,20,90
100242,Occasional User,Free,Active,0.82,1,3,20,45,110,150,1,8,5,30
100243,Consistent Mover,Basic,Active,0.92,3,5,35,60,125,165,8,25,20,90
100244,At Risk,Free,Cancelled,0.6,0,1,10,30,95,135,0,2,2,10
100245,Consistent Mover,Basic,Active,0.92,3,5,35,60,125,165,8,25,20,90
100246,Occasional User,Free,Active,0.82,1,3,20,45,110,150,1,8,5,30
100247,Consistent Mover,Basic,Active,0.92,3,5,35,60,125,165,8,25,20,90
100248,Consistent Mover,Basic,Active,0.92,3,5,35,60,125,165,8,25,20,90
100249,Occasional User,Free,Active,0.82,1,3,20,45,110,150,1,8,5,30
100250,Consistent Mover,Basic,Active,0.92,3,5,35,60,125,165,8,25,20,90
100251,Consistent Mover,Basic,Active,0.92,3,5,35,60,125,165,8,25,20,90
100252,Occasional User,Free,Active,0.82,1,3,20,45,110,150,1,8,5,30
100253,Power Athlete,Premium,Active,0.98,5,7,45,90,135,175,20,80,40,180
100254,Consistent Mover,Basic,Active,0.92,3,5,35,60,125,165,8,25,20,90
100255,At Risk,Free,Cancelled,0.6,0,1,10,30,95,135,0,2,2,10
100256,At Risk,Free,Cancelled,0.6,0,1,10,30,95,135,0,2,2,10
100257,Power Athlete,Premium,Active,0.98,5,7,45,90,135,175,20,80,40,180
100258,Consistent Mover,Basic,Active,0.92,3,5,35,60,125,165,8,25,20,90
100259,Consistent Mover,Basic,Active,0.92,3,5,35,60,125,165,8,25,20,90
100260,At Risk,Free,Cancelled,0.6,0,1,10,30,95,135,0,2,2,10
100261,At Risk,Free,Cancelled,0.6,0,1,10,30,95,135,0,2,2,10
100262,At Risk,Free,Cancelled,0.6,0,1,10,30,95,135,0,2,2,10
100263,Consistent Mover,Basic,Active,0.92,3,5,35,60,125,165,8,25,20,90
100264,Power Athlete,Premium,Active,0.98,5,7,45,90,135,175,20,80,40,180
100265,Occasional User,Free,Active,0.82,1,3,20,45,110,150,1,8,5,30
100266,Occasional User,Free,Active,0.82,1,3,20,45,110,150,1,8,5,30
100267,Occasional User,Free,Active,0.82,1,3,20,45,110,150,1,8,5,30
100268,At Risk,Free,Cancelled,0.6,0,1,10,30,95,135,0,2,2,10
100269,Occasional User,Free,Active,0.82,1,3,20,45,110,150,1,8,5,30
100270,Power Athlete,Premium,Active,0.98,5,7,45,90,135,175,20,80,40,180
100271,Occasional User,Free,Active,0.82,1,3,20,45,110,150,1,8,5,30
100272,Consistent Mover,Basic,Active,0.92,3,5,35,60,125,165,8,25,20,90
100273,Occasional User,Free,Active,0.82,1,3,20,45,110,150,1,8,5,30
100274,At Risk,Free,Cancelled,0.6,0,1,10,30,95,135,0,2,2,10
100275,Power Athlete,Premium,Active,0.98,5,7,45,90,135,175,20,80,40,180
100276,Power Athlete,Premium,Active,0.98,5,7,45,90,135,175,20,80,40,180
100277,Power Athlete,Premium,Active,0.98,5,7,45,90,135,175,20,80,40,180
100278,Occasional User,Free,Active,0.82,1,3,20,45,110,150,1,8,5,30
100279,Consistent Mover,Basic,Active,0.92,3,5,35,60,125,165,8,25,20,90
100280,Occasional User,Free,Active,0.82,1,3,20,45,110,150,1,8,5,30
100281,Occasional User,Free,Active,0.82,1,3,20,45,110,150,1,8,5,30
100282,Consistent Mover,Basic,Active,0.92,3,5,35,60,125,165,8,25,20,90
100283,Occasional User,Free,Active,0.82,1,3,20,45,110,150,1,8,5,30
100284,Consistent Mover,Basic,Active,0.92,3,5,35,60,125,165,8,25,20,90
100285,Consistent Mover,Basic,Active,0.92,3,5,35,60,125,165,8,25,20,90
100286,At Risk,Free,Cancelled,0.6,0,1,10,30,95,135,0,2,2,10
100287,Occasional User,Free,Active,0.82,1,3,20,45,110,150,1,8,5,30
100288,Power Athlete,Premium,Active,0.98,5,7,45,90,135,175,20,80,40,180
100289,Consistent Mover,Basic,Active,0.92,3,5,35,60,125,165,8,25,20,90
100290,Consistent Mover,Basic,Active,0.92,3,5,35,60,125,165,8,25,20,90
100291,Power Athlete,Premium,Active,0.98,5,7,45,90,135,175,20,80,40,180
100292,Occasional User,Free,Active,0.82,1,3,20,45,110,150,1,8,5,30
100293,Occasional User,Free,Active,0.82,1,3,20,45,110,150,1,8,5,30
100294,Consistent Mover,Basic,Active,0.92,3,5,35,60,125,165,8,25,20,90
100295,Occasional User,Free,Active,0.82,1,3,20,45,110,150,1,8,5,30
100296,Occasional User,Free,Active,0.82,1,3,20,45,110,150,1,8,5,30
100297,Consistent Mover,Basic,Active,0.92,3,5,35,60,125,165,8,25,20,90
100298,Power Athlete,Premium,Active,0.98,5,7,45,90,135,175,20,80,40,180
100299,Power Athlete,Premium,Active,0.98,5,7,45,90,135,175,20,80,40,180
100300,At Risk,Free,Cancelled,0.6,0,1,10,30,95,135,0,2,2,10
100301,At Risk,Free,Cancelled,0.6,0,1,10,30,95,135,0,2,2,10
100302,Consistent Mover,Basic,Active,0.92,3,5,35,60,125,165,8,25,20,90
100303,Occasional User,Free,Active,0.82,1,3,20,45,110,150,1,8,5,30
100304,Occasional User,Free,Active,0.82,1,3,20,45,110,150,1,8,5,30
100305,Power Athlete,Premium,Active,0.98,5,7,45,90,135,175,20,80,40,180
100306,Power Athlete,Premium,Active,0.98,5,7,45,90,135,175,20,80,40,180
100307,Consistent Mover,Basic,Active,0.92,3,5,35,60,125,165,8,25,20,90
100308,At Risk,Free,Cancelled,0.6,0,1,10,30,95,135,0,2,2,10
100309,Occasional User,Free,Active,0.82,1,3,20,45,110,150,1,8,5,30
100310,At Risk,Free,Cancelled,0.6,0,1,10,30,95,135,0,2,2,10
100311,At Risk,Free,Cancelled,0.6,0,1,10,30,95,135,0,2,2,10
100312,Consistent Mover,Basic,Active,0.92,3,5,35,60,125,165,8,25,20,90
100313,Consistent Mover,Basic,Active,0.92,3,5,35,60,125,165,8,25,20,90
100314,Power Athlete,Premium,Active,0.98,5,7,45,90,135,175,20,80,40,180
100315,Occasional User,Free,Active,0.82,1,3,20,45,110,150,1,8,5,30
100316,At Risk,Free,Cancelled,0.6,0,1,10,30,95,135,0,2,2,10
100317,Consistent Mover,Basic,Active,0.92,3,5,35,60,125,165,8,25,20,90
100318,Occasional User,Free,Active,0.82,1,3,20,45,110,150,1,8,5,30
100319,Power Athlete,Premium,Active,0.98,5,7,45,90,135,175,20,80,40,180
100320,At Risk,Free,Cancelled,0.6,0,1,10,30,95,135,0,2,2,10
100321,At Risk,Free,Cancelled,0.6,0,1,10,30,95,135,0,2,2,10
100322,At Risk,Free,Cancelled,0.6,0,1,10,30,95,135,0,2,2,10
100323,Occasional User,Free,Active,0.82,1,3,20,45,110,150,1,8,5,30
100324,At Risk,Free,Cancelled,0.6,0,1,10,30,95,135,0,2,2,10
100325,Power Athlete,Premium,Active,0.98,5,7,45,90,135,175,20,80,40,180
100326,Occasional User,Free,Active,0.82,1,3,20,45,110,150,1,8,5,30
100327,Consistent Mover,Basic,Active,0.92,3,5,35,60,125,165,8,25,20,90
100328,At Risk,Free,Cancelled,0.6,0,1,10,30,95,135,0,2,2,10
100329,Occasional User,Free,Active,0.82,1,3,20,45,110,150,1,8,5,30
100330,At Risk,Free,Cancelled,0.6,0,1,10,30,95,135,0,2,2,10
100331,Occasional User,Free,Active,0.82,1,3,20,45,110,150,1,8,5,30
100332,Consistent Mover,Basic,Active,0.92,3,5,35,60,125,165,8,25,20,90
100333,Occasional User,Free,Active,0.82,1,3,20,45,110,150,1,8,5,30
100334,Power Athlete,Premium,Active,0.98,5,7,45,90,135,175,20,80,40,180
100335,At Risk,Free,Cancelled,0.6,0,1,10,30,95,135,0,2,2,10
100336,At Risk,Free,Cancelled,0.6,0,1,10,30,95,135,0,2,2,10
100337,Consistent Mover,Basic,Active,0.92,3,5,35,60,125,165,8,25,20,90
100338,Occasional User,Free,Active,0.82,1,3,20,45,110,150,1,8,5,30
100339,Consistent Mover,Basic,Active,0.92,3,5,35,60,125,165,8,25,20,90
100340,Consistent Mover,Basic,Active,0.92,3,5,35,60,125,165,8,25,20,90
100341,Occasional User,Free,Active,0.82,1,3,20,45,110,150,1,8,5,30
100342,Consistent Mover,Basic,Active,0.92,3,5,35,60,125,165,8,25,20,90
100343,Power Athlete,Premium,Active,0.98,5,7,45,90,135,175,20,80,40,180
100344,Power Athlete,Premium,Active,0.98,5,7,45,90,135,175,20,80,40,180
100345,Consistent Mover,Basic,Active,0.92,3,5,35,60,125,165,8,25,20,90
100346,At Risk,Free,Cancelled,0.6,0,1,10,30,95,135,0,2,2,10
100347,At Risk,Free,Cancelled,0.6,0,1,10,30,95,135,0,2,2,10
100348,Consistent Mover,Basic,Active,0.92,3,5,35,60,125,165,8,25,20,90
100349,Occasional User,Free,Active,0.82,1,3,20,45,110,150,1,8,5,30
100350,Consistent Mover,Basic,Active,0.92,3,5,35,60,125,165,8,25,20,90
100351,At Risk,Free,Cancelled,0.6,0,1,10,30,95,135,0,2,2,10
100352,Consistent Mover,Basic,Active,0.92,3,5,35,60,125,165,8,25,20,90
100353,At Risk,Free,Cancelled,0.6,0,1,10,30,95,135,0,2,2,10
100354,Power Athlete,Premium,Active,0.98,5,7,45,90,135,175,20,80,40,180
100355,At Risk,Free,Cancelled,0.6,0,1,10,30,95,135,0,2,2,10
100356,Power Athlete,Premium,Active,0.98,5,7,45,90,135,175,20,80,40,180
100357,At Risk,Free,Cancelled,0.6,0,1,10,30,95,135,0,2,2,10
100358,Consistent Mover,Basic,Active,0.92,3,5,35,60,125,165,8,25,20,90
100359,Power Athlete,Premium,Active,0.98,5,7,45,90,135,175,20,80,40,180
100360,Consistent Mover,Basic,Active,0.92,3,5,35,60,125,165,8,25,20,90
100361,Occasional User,Free,Active,0.82,1,3,20,45,110,150,1,8,5,30
100362,Consistent Mover,Basic,Active,0.92,3,5,35,60,125,165,8,25,20,90
100363,Occasional User,Free,Active,0.82,1,3,20,45,110,150,1,8,5,30
100364,Consistent Mover,Basic,Active,0.92,3,5,35,60,125,165,8,25,20,90
100365,Consistent Mover,Basic,Active,0.92,3,5,35,60,125,165,8,25,20,90
100366,Occasional User,Free,Active,0.82,1,3,20,45,110,150,1,8,5,30
100367,Consistent Mover,Basic,Active,0.92,3,5,35,60,125,165,8,25,20,90
100368,Occasional User,Free,Active,0.82,1,3,20,45,110,150,1,8,5,30
100369,Power Athlete,Premium,Active,0.98,5,7,45,90,135,175,20,80,40,180
100370,At Risk,Free,Cancelled,0.6,0,1,10,30,95,135,0,2,2,10
100371,Consistent Mover,Basic,Active,0.92,3,5,35,60,125,165,8,25,20,90
100372,Occasional User,Free,Active,0.82,1,3,20,45,110,150,1,8,5,30
100373,Occasional User,Free,Active,0.82,1,3,20,45,110,150,1,8,5,30
100374,Occasional User,Free,Active,0.82,1,3,20,45,110,150,1,8,5,30
100375,Consistent Mover,Basic,Active,0.92,3,5,35,60,125,165,8,25,20,90
100376,Power Athlete,Premium,Active,0.98,5,7,45,90,135,175,20,80,40,180
100377,Occasional User,Free,Active,0.82,1,3,20,45,110,150,1,8,5,30
100378,Consistent Mover,Basic,Active,0.92,3,5,35,60,125,165,8,25,20,90
100379,Consistent Mover,Basic,Active,0.92,3,5,35,60,125,165,8,25,20,90
100380,Occasional User,Free,Active,0.82,1,3,20,45,110,150,1,8,5,30
100381,Occasional User,Free,Active,0.82,1,3,20,45,110,150,1,8,5,30
100382,Consistent Mover,Basic,Active,0.92,3,5,35,60,125,165,8,25,20,90
100383,Consistent Mover,Basic,Active,0.92,3,5,35,60,125,165,8,25,20,90
100384,Consistent Mover,Basic,Active,0.92,3,5,35,60,125,165,8,25,20,90
100385,Consistent Mover,Basic,Active,0.92,3,5,35,60,125,165,8,25,20,90
100386,Consistent Mover,Basic,Active,0.92,3,5,35,60,125,165,8,25,20,90
100387,Power Athlete,Premium,Active,0.98,5,7,45,90,135,175,20,80,40,180
100388,Consistent Mover,Basic,Active,0.92,3,5,35,60,125,165,8,25,20,90
100389,At Risk,Free,Cancelled,0.6,0,1,10,30,95,135,0,2,2,10
100390,Occasional User,Free,Active,0.82,1,3,20,45,110,150,1,8,5,30
100391,At Risk,Free,Cancelled,0.6,0,1,10,30,95,135,0,2,2,10
100392,Occasional User,Free,Active,0.82,1,3,20,45,110,150,1,8,5,30
100393,Consistent Mover,Basic,Active,0.92,3,5,35,60,125,165,8,25,20,90
100394,Consistent Mover,Basic,Active,0.92,3,5,35,60,125,165,8,25,20,90
100395,Power Athlete,Premium,Active,0.98,5,7,45,90,135,175,20,80,40,180
100396,Consistent Mover,Basic,Active,0.92,3,5,35,60,125,165,8,25,20,90
100397,Consistent Mover,Basic,Active,0.92,3,5,35,60,125,165,8,25,20,90
100398,Occasional User,Free,Active,0.82,1,3,20,45,110,150,1,8,5,30
100399,Occasional User,Free,Active,0.82,1,3,20,45,110,150,1,8,5,30
100400,Consistent Mover,Basic,Active,0.92,3,5,35,60,125,165,8,25,20,90
100401,Consistent Mover,Basic,Active,0.92,3,5,35,60,125,165,8,25,20,90
100402,Consistent Mover,Basic,Active,0.92,3,5,35,60,125,165,8,25,20,90
100403,Consistent Mover,Basic,Active,0.92,3,5,35,60,125,165,8,25,20,90
100404,At Risk,Free,Cancelled,0.6,0,1,10,30,95,135,0,2,2,10
100405,Occasional User,Free,Active,0.82,1,3,20,45,110,150,1,8,5,30
100406,Power Athlete,Premium,Active,0.98,5,7,45,90,135,175,20,80,40,180
100407,Power Athlete,Premium,Active,0.98,5,7,45,90,135,175,20,80,40,180
100408,Consistent Mover,Basic,Active,0.92,3,5,35,60,125,165,8,25,20,90
100409,Occasional User,Free,Active,0.82,1,3,20,45,110,150,1,8,5,30
100410,Consistent Mover,Basic,Active,0.92,3,5,35,60,125,165,8,25,20,90
100411,Occasional User,Free,Active,0.82,1,3,20,45,110,150,1,8,5,30
100412,Occasional User,Free,Active,0.82,1,3,20,45,110,150,1,8,5,30
100413,Occasional User,Free,Active,0.82,1,3,20,45,110,150,1,8,5,30
100414,Consistent Mover,Basic,Active,0.92,3,5,35,60,125,165,8,25,20,90
100415,Power Athlete,Premium,Active,0.98,5,7,45,90,135,175,20,80,40,180
100416,Power Athlete,Premium,Active,0.98,5,7,45,90,135,175,20,80,40,180
100417,Consistent Mover,Basic,Active,0.92,3,5,35,60,125,165,8,25,20,90
100418,Consistent Mover,Basic,Active,0.92,3,5,35,60,125,165,8,25,20,90
100419,Occasional User,Free,Active,0.82,1,3,20,45,110,150,1,8,5,30
100420,Power Athlete,Premium,Active,0.98,5,7,45,90,135,175,20,80,40,180
100421,Consistent Mover,Basic,Active,0.92,3,5,35,60,125,165,8,25,20,90
100422,Occasional User,Free,Active,0.82,1,3,20,45,110,150,1,8,5,30
100423,Power Athlete,Premium,Active,0.98,5,7,45,90,135,175,20,80,40,180
100424,Occasional User,Free,Active,0.82,1,3,20,45,110,150,1,8,5,30
100425,Consistent Mover,Basic,Active,0.92,3,5,35,60,125,165,8,25,20,90
100426,Consistent Mover,Basic,Active,0.92,3,5,35,60,125,165,8,25,20,90
100427,Occasional User,Free,Active,0.82,1,3,20,45,110,150,1,8,5,30
100428,Power Athlete,Premium,Active,0.98,5,7,45,90,135,175,20,80,40,180
100429,Occasional User,Free,Active,0.82,1,3,20,45,110,150,1,8,5,30
100430,Occasional User,Free,Active,0.82,1,3,20,45,110,150,1,8,5,30
100431,Power Athlete,Premium,Active,0.98,5,7,45,90,135,175,20,80,40,180
100432,Consistent Mover,Basic,Active,0.92,3,5,35,60,125,165,8,25,20,90
100433,Power Athlete,Premium,Active,0.98,5,7,45,90,135,175,20,80,40,180
100434,At Risk,Free,Cancelled,0.6,0,1,10,30,95,135,0,2,2,10
100435,Consistent Mover,Basic,Active,0.92,3,5,35,60,125,165,8,25,20,90
100436,Power Athlete,Premium,Active,0.98,5,7,45,90,135,175,20,80,40,180
100437,Consistent Mover,Basic,Active,0.92,3,5,35,60,125,165,8,25,20,90
100438,Occasional User,Free,Active,0.82,1,3,20,45,110,150,1,8,5,30
100439,Consistent Mover,Basic,Active,0.92,3,5,35,60,125,165,8,25,20,90
100440,Occasional User,Free,Active,0.82,1,3,20,45,110,150,1,8,5,30
100441,Occasional User,Free,Active,0.82,1,3,20,45,110,150,1,8,5,30
100442,At Risk,Free,Cancelled,0.6,0,1,10,30,95,135,0,2,2,10
100443,Occasional User,Free,Active,0.82,1,3,20,45,110,150,1,8,5,30
100444,At Risk,Free,Cancelled,0.6,0,1,10,30,95,135,0,2,2,10
100445,At Risk,Free,Cancelled,0.6,0,1,10,30,95,135,0,2,2,10
100446,Occasional User,Free,Active,0.82,1,3,20,45,110,150,1,8,5,30
100447,Occasional User,Free,Active,0.82,1,3,20,45,110,150,1,8,5,30
100448,Consistent Mover,Basic,Active,0.92,3,5,35,60,125,165,8,25,20,90
100449,Occasional User,Free,Active,0.82,1,3,20,45,110,150,1,8,5,30
100450,Consistent Mover,Basic,Active,0.92,3,5,35,60,125,165,8,25,20,90
100451,At Risk,Free,Cancelled,0.6,0,1,10,30,95,135,0,2,2,10
100452,Occasional User,Free,Active,0.82,1,3,20,45,110,150,1,8,5,30
100453,Consistent Mover,Basic,Active,0.92,3,5,35,60,125,165,8,25,20,90
100454,Consistent Mover,Basic,Active,0.92,3,5,35,60,125,165,8,25,20,90
100455,Consistent Mover,Basic,Active,0.92,3,5,35,60,125,165,8,25,20,90
100456,Occasional User,Free,Active,0.82,1,3,20,45,110,150,1,8,5,30
100457,Occasional User,Free,Active,0.82,1,3,20,45,110,150,1,8,5,30
100458,Consistent Mover,Basic,Active,0.92,3,5,35,60,125,165,8,25,20,90
100459,Occasional User,Free,Active,0.82,1,3,20,45,110,150,1,8,5,30
100460,Consistent Mover,Basic,Active,0.92,3,5,35,60,125,165,8,25,20,90
100461,Power Athlete,Premium,Active,0.98,5,7,45,90,135,175,20,80,40,180
100462,Consistent Mover,Basic,Active,0.92,3,5,35,60,125,165,8,25,20,90
100463,Consistent Mover,Basic,Active,0.92,3,5,35,60,125,165,8,25,20,90
100464,Consistent Mover,Basic,Active,0.92,3,5,35,60,125,165,8,25,20,90
100465,Consistent Mover,Basic,Active,0.92,3,5,35,60,125,165,8,25,20,90
100466,Power Athlete,Premium,Active,0.98,5,7,45,90,135,175,20,80,40,180
100467,Consistent Mover,Basic,Active,0.92,3,5,35,60,125,165,8,25,20,90
100468,Occasional User,Free,Active,0.82,1,3,20,45,110,150,1,8,5,30
100469,Occasional User,Free,Active,0.82,1,3,20,45,110,150,1,8,5,30
100470,Power Athlete,Premium,Active,0.98,5,7,45,90,135,175,20,80,40,180
100471,Consistent Mover,Basic,Active,0.92,3,5,35,60,125,165,8,25,20,90
100472,Consistent Mover,Basic,Active,0.92,3,5,35,60,125,165,8,25,20,90
100473,Consistent Mover,Basic,Active,0.92,3,5,35,60,125,165,8,25,20,90
100474,Consistent Mover,Basic,Active,0.92,3,5,35,60,125,165,8,25,20,90
100475,Consistent Mover,Basic,Active,0.92,3,5,35,60,125,165,8,25,20,90
100476,At Risk,Free,Cancelled,0.6,0,1,10,30,95,135,0,2,2,10
100477,Occasional User,Free,Active,0.82,1,3,20,45,110,150,1,8,5,30
100478,Occasional User,Free,Active,0.82,1,3,20,45,110,150,1,8,5,30
100479,At Risk,Free,Cancelled,0.6,0,1,10,30,95,135,0,2,2,10
100480,Occasional User,Free,Active,0.82,1,3,20,45,110,150,1,8,5,30
100481,Consistent Mover,Basic,Active,0.92,3,5,35,60,125,165,8,25,20,90
100482,Power Athlete,Premium,Active,0.98,5,7,45,90,135,175,20,80,40,180
100483,Consistent Mover,Basic,Active,0.92,3,5,35,60,125,165,8,25,20,90
100484,Occasional User,Free,Active,0.82,1,3,20,45,110,150,1,8,5,30
100485,At Risk,Free,Cancelled,0.6,0,1,10,30,95,135,0,2,2,10
100486,At Risk,Free,Cancelled,0.6,0,1,10,30,95,135,0,2,2,10
100487,Consistent Mover,Basic,Active,0.92,3,5,35,60,125,165,8,25,20,90
100488,Occasional User,Free,Active,0.82,1,3,20,45,110,150,1,8,5,30
100489,Consistent Mover,Basic,Active,0.92,3,5,35,60,125,165,8,25,20,90
100490,Occasional User,Free,Active,0.82,1,3,20,45,110,150,1,8,5,30
100491,Consistent Mover,Basic,Active,0.92,3,5,35,60,125,165,8,25,20,90
100492,Consistent Mover,Basic,Active,0.92,3,5,35,60,125,165,8,25,20,90
100493,Consistent Mover,Basic,Active,0.92,3,5,35,60,125,165,8,25,20,90
100494,Power Athlete,Premium,Active,0.98,5,7,45,90,135,175,20,80,40,180
100495,Consistent Mover,Basic,Active,0.92,3,5,35,60,125,165,8,25,20,90
100496,Occasional User,Free,Active,0.82,1,3,20,45,110,150,1,8,5,30
100497,Consistent Mover,Basic,Active,0.92,3,5,35,60,125,165,8,25,20,90
100498,Power Athlete,Premium,Active,0.98,5,7,45,90,135,175,20,80,40,180
100499,Consistent Mover,Basic,Active,0.92,3,5,35,60,125,165,8,25,20,90
100500,Power Athlete,Premium,Active,0.98,5,7,45,90,135,175,20,80,40,180
